"","country","tot","latitude","longitude"
"1","Afghanistan",1,33.93911,67.709953
"2","Albania",0,41.153332,20.168331
"3","Algeria",0,28.033886,1.659626
"4","American Samoa",0,-14.270972,-170.132217
"5","Andorra",0,42.546245,1.601554
"6","Angola",0,-11.202692,17.873887
"7","Anguilla",0,18.220554,-63.068615
"8","Antarctica",0,-75.250973,-0.071389
"9","Antigua and Barbuda",0,17.060816,-61.796428
"10","Argentina",2,-38.416097,-63.616672
"11","Armenia",1,40.069099,45.038189
"12","Aruba",0,12.52111,-69.968338
"13","Australia",15,-25.274398,133.775136
"14","Austria",0,47.516231,14.550072
"15","Azerbaijan",0,40.143105,47.576927
"16","Bahamas",1,25.03428,-77.39628
"17","Bahrain",0,25.930414,50.637772
"18","Bangladesh",0,23.684994,90.356331
"19","Barbados",0,13.193887,-59.543198
"20","Belarus",1,53.709807,27.953389
"21","Belgium",1,50.503887,4.469936
"22","Belize",0,17.189877,-88.49765
"23","Benin",0,9.30769,2.315834
"24","Bermuda",0,32.321384,-64.75737
"25","Bhutan",0,27.514162,90.433601
"26","Bolivia",0,-16.290154,-63.588653
"27","Bosnia and Herzegovina",2,43.915886,17.679076
"28","Botswana",0,-22.328474,24.684866
"29","Bouvet Island",0,-54.423199,3.413194
"30","Brazil",121,-14.235004,-51.92528
"31","British Indian Ocean Territory",0,-6.343194,71.876519
"32","British Virgin Islands",0,18.420695,-64.639968
"33","Brunei",0,4.535277,114.727669
"34","Bulgaria",0,42.733883,25.48583
"35","Burkina Faso",0,12.238333,-1.561593
"36","Burundi",0,-3.373056,29.918886
"37","Cambodia",0,12.565679,104.990963
"38","Cameroon",1,7.369722,12.354722
"39","Canada",29,56.130366,-106.346771
"40","Cape Verde",0,16.002082,-24.013197
"41","Cayman Islands",0,19.513469,-80.566956
"42","Central African Republic",0,6.611111,20.939444
"43","Chad",0,15.454166,18.732207
"44","Chile",1,-35.675147,-71.542969
"45","China",7,35.86166,104.195397
"46","Christmas Island",0,-10.447525,105.690449
"47","Cocos [Keeling] Islands",0,-12.164165,96.870956
"48","Colombia",1,4.570868,-74.297333
"49","Comoros",0,-11.875001,43.872219
"50","Congo [DRC]",0,-4.038333,21.758664
"51","Congo [Republic]",1,-0.228021,15.827659
"52","Cook Islands",0,-21.236736,-159.777671
"53","Costa Rica",0,9.748917,-83.753428
"54","Côte d'Ivoire",0,7.539989,-5.54708
"55","Croatia",1,45.1,15.2
"56","Cuba",3,21.521757,-77.781167
"57","Cyprus",1,35.126413,33.429859
"58","Czech Republic",4,49.817492,15.472962
"59","Denmark",4,56.26392,9.501785
"60","Djibouti",0,11.825138,42.590275
"61","Dominica",0,15.414999,-61.370976
"62","Dominican Republic",0,18.735693,-70.162651
"63","Ecuador",1,-1.831239,-78.183406
"64","Egypt",0,26.820553,30.802498
"65","El Salvador",0,13.794185,-88.89653
"66","Equatorial Guinea",0,1.650801,10.267895
"67","Eritrea",0,15.179384,39.782334
"68","Estonia",0,58.595272,25.013607
"69","Ethiopia",0,9.145,40.489673
"70","Falkland Islands [Islas Malvinas]",0,-51.796253,-59.523613
"71","Faroe Islands",0,61.892635,-6.911806
"72","Fiji",0,-16.578193,179.414413
"73","Finland",2,61.92411,25.748151
"74","France",8,46.227638,2.213749
"75","French Guiana",0,3.933889,-53.125782
"76","French Polynesia",0,-17.679742,-149.406843
"77","French Southern Territories",0,-49.280366,69.348557
"78","Gabon",0,-0.803689,11.609444
"79","Gambia",0,13.443182,-15.310139
"80","Gaza Strip",0,31.354676,34.308825
"81","Georgia",0,42.315407,43.356892
"82","Germany",2,51.165691,10.451526
"83","Ghana",0,7.946527,-1.023194
"84","Gibraltar",0,36.137741,-5.345374
"85","Greece",0,39.074208,21.824312
"86","Greenland",0,71.706936,-42.604303
"87","Grenada",0,12.262776,-61.604171
"88","Guadeloupe",0,16.995971,-62.067641
"89","Guam",1,13.444304,144.793731
"90","Guatemala",0,15.783471,-90.230759
"91","Guernsey",0,49.465691,-2.585278
"92","Guinea",0,9.945587,-9.696645
"93","Guinea-Bissau",0,11.803749,-15.180413
"94","Guyana",0,4.860416,-58.93018
"95","Haiti",1,18.971187,-72.285215
"96","Heard Island and McDonald Islands",0,-53.08181,73.504158
"97","Honduras",0,15.199999,-86.241905
"98","Hong Kong",0,22.396428,114.109497
"99","Hungary",0,47.162494,19.503304
"100","Iceland",1,64.963051,-19.020835
"101","India",0,20.593684,78.96288
"102","Indonesia",0,-0.789275,113.921327
"103","Iran",2,32.427908,53.688046
"104","Iraq",1,33.223191,43.679291
"105","Ireland",9,53.41291,-8.24389
"106","Isle of Man",0,54.236107,-4.548056
"107","Israel",1,31.046051,34.851612
"108","Italy",2,41.87194,12.56738
"109","Jamaica",4,18.109581,-77.297508
"110","Japan",21,36.204824,138.252924
"111","Jersey",0,49.214439,-2.13125
"112","Jordan",0,30.585164,36.238414
"113","Kazakhstan",0,48.019573,66.923684
"114","Kenya",0,-0.023559,37.906193
"115","Kiribati",0,-3.370417,-168.734039
"116","Kosovo",0,42.602636,20.902977
"117","Kuwait",0,29.31166,47.481766
"118","Kyrgyzstan",1,41.20438,74.766098
"119","Laos",0,19.85627,102.495496
"120","Latvia",1,56.879635,24.603189
"121","Lebanon",0,33.854721,35.862285
"122","Lesotho",0,-29.609988,28.233608
"123","Liberia",0,6.428055,-9.429499
"124","Libya",0,26.3351,17.228331
"125","Liechtenstein",0,47.166,9.555373
"126","Lithuania",0,55.169438,23.881275
"127","Luxembourg",0,49.815273,6.129583
"128","Macau",0,22.198745,113.543873
"129","Macedonia [FYROM]",0,41.608635,21.745275
"130","Madagascar",0,-18.766947,46.869107
"131","Malawi",0,-13.254308,34.301525
"132","Malaysia",0,4.210484,101.975766
"133","Maldives",0,3.202778,73.22068
"134","Mali",0,17.570692,-3.996166
"135","Malta",0,35.937496,14.375416
"136","Marshall Islands",0,7.131474,171.184478
"137","Martinique",0,14.641528,-61.024174
"138","Mauritania",0,21.00789,-10.940835
"139","Mauritius",0,-20.348404,57.552152
"140","Mayotte",0,-12.8275,45.166244
"141","Mexico",23,23.634501,-102.552784
"142","Micronesia",0,7.425554,150.550812
"143","Moldova",1,47.411631,28.369885
"144","Monaco",0,43.750298,7.412841
"145","Mongolia",0,46.862496,103.846656
"146","Montenegro",0,42.708678,19.37439
"147","Montserrat",0,16.742498,-62.187366
"148","Morocco",0,31.791702,-7.09262
"149","Mozambique",0,-18.665695,35.529562
"150","Myanmar [Burma]",0,21.913965,95.956223
"151","Namibia",0,-22.95764,18.49041
"152","Nauru",0,-0.522778,166.931503
"153","Nepal",0,28.394857,84.124008
"154","Netherlands",4,52.132633,5.291266
"155","Netherlands Antilles",0,12.226079,-69.060087
"156","New Caledonia",0,-20.904305,165.618042
"157","New Zealand",5,-40.900557,174.885971
"158","Nicaragua",1,12.865416,-85.207229
"159","Niger",0,17.607789,8.081666
"160","Nigeria",2,9.081999,8.675277
"161","Niue",0,-19.054445,-169.867233
"162","Norfolk Island",0,-29.040835,167.954712
"163","North Korea",0,40.339852,127.510093
"164","Northern Mariana Islands",0,17.33083,145.38469
"165","Norway",1,60.472024,8.468946
"166","Oman",0,21.512583,55.923255
"167","Pakistan",0,30.375321,69.345116
"168","Palau",0,7.51498,134.58252
"169","Palestinian Territories",0,31.952162,35.233154
"170","Panama",0,8.537981,-80.782127
"171","Papua New Guinea",0,-6.314993,143.95555
"172","Paraguay",0,-23.442503,-58.443832
"173","Peru",1,-9.189967,-75.015152
"174","Philippines",3,12.879721,121.774017
"175","Pitcairn Islands",0,-24.703615,-127.439308
"176","Poland",14,51.919438,19.145136
"177","Portugal",0,39.399872,-8.224454
"178","Puerto Rico",0,18.220833,-66.590149
"179","Qatar",0,25.354826,51.183884
"180","Réunion",0,-21.115141,55.536384
"181","Romania",1,45.943161,24.96676
"182","Russia",24,61.52401,105.318756
"183","Rwanda",0,-1.940278,29.873888
"184","Saint Helena",0,-24.143474,-10.030696
"185","Saint Kitts and Nevis",0,17.357822,-62.782998
"186","Saint Lucia",0,13.909444,-60.978893
"187","Saint Pierre and Miquelon",0,46.941936,-56.27111
"188","Saint Vincent and the Grenadines",0,12.984305,-61.287228
"189","Samoa",0,-13.759029,-172.104629
"190","San Marino",0,43.94236,12.457777
"191","São Tomé and Príncipe",0,0.18636,6.613081
"192","Saudi Arabia",0,23.885942,45.079162
"193","Senegal",0,14.497401,-14.452362
"194","Serbia",2,44.016521,21.005859
"195","Seychelles",0,-4.679574,55.491977
"196","Sierra Leone",0,8.460555,-11.779889
"197","Singapore",0,1.352083,103.819836
"198","Slovakia",0,48.669026,19.699024
"199","Slovenia",0,46.151241,14.995463
"200","Solomon Islands",0,-9.64571,160.156194
"201","Somalia",0,5.152149,46.199616
"202","South Africa",2,-30.559482,22.937506
"203","South Georgia and the South Sandwich Islands",0,-54.429579,-36.587909
"204","South Korea",8,35.907757,127.766922
"205","Spain",1,40.463667,-3.74922
"206","Sri Lanka",0,7.873054,80.771797
"207","Sudan",0,12.862807,30.217636
"208","Suriname",0,3.919305,-56.027783
"209","Svalbard and Jan Mayen",0,77.553604,23.670272
"210","Swaziland",0,-26.522503,31.465866
"211","Sweden",13,60.128161,18.643501
"212","Switzerland",1,46.818188,8.227512
"213","Syria",1,34.802075,38.996815
"214","Taiwan",0,23.69781,120.960515
"215","Tajikistan",0,38.861034,71.276093
"216","Tanzania",0,-6.369028,34.888822
"217","Thailand",0,15.870032,100.992541
"218","Timor-Leste",0,-8.874217,125.727539
"219","Togo",0,8.619543,0.824782
"220","Tokelau",0,-8.967363,-171.855881
"221","Tonga",0,-21.178986,-175.198242
"222","Trinidad and Tobago",0,10.691803,-61.222503
"223","Tunisia",0,33.886917,9.537499
"224","Turkey",1,38.963745,35.243322
"225","Turkmenistan",0,38.969719,59.556278
"226","Turks and Caicos Islands",0,21.694025,-71.797928
"227","Tuvalu",0,-7.109535,177.64933
"228","U.S. Minor Outlying Islands",0,0,0
"229","U.S. Virgin Islands",0,18.335765,-64.896335
"230","Uganda",0,1.373333,32.290275
"231","Ukraine",2,48.379433,31.16558
"232","United Arab Emirates",0,23.424076,53.847818
"233","United Kingdom",24,55.378051,-3.435973
"234","United States",331,37.09024,-95.712891
"235","Uruguay",0,-32.522779,-55.765835
"236","Uzbekistan",0,41.377491,64.585262
"237","Vanuatu",0,-15.376706,166.959158
"238","Vatican City",0,41.902916,12.453389
"239","Venezuela",2,6.42375,-66.58973
"240","Vietnam",0,14.058324,108.277199
"241","Wallis and Futuna",0,-13.768752,-177.156097
"242","Western Sahara",0,24.215527,-12.885834
"243","Yemen",0,15.552727,48.516388
"244","Zambia",0,-13.133897,27.849332
"245","Zimbabwe",0,-19.015438,29.154857
